primaryTitle,startYear
Socialist Realism,2023
Come the Morning,2024
Nine Ball,2023
The Perfect Shadow,2024
Seevalaperi Pandi,2024
Universal Groove,2024
The Killer's Game,2024
I giganti del cielo,2024
Land of Nairi,2023
The Promise of Perfume,2024
The Flash,2023
Moe,2023
American Surfrider,2024
"L'homme au bâton, une légende créole",2024
Family Business,2024
Rain Falls from Earth: Surviving Cambodia's Darkest Hour,2024
Neil,2023
A Small Problem,2023
Maybe It's True What They Say About Us,2024
The Problem with People,2023
September,2023
The Last Voyage of the Demeter,2023
The Dog Thief,2024
Power Alley,2023
Falling Stars,2023
The Probe,2024
The Christmas Spirit,2023
Fear and Love: The Story of the Exorcist,2024
Amityville: Where the Echo Lives,2024
The Caravan,2023
Verano No Miente,2023
Flight Risk,2024
Art of Eight Limbs,2024
Lady Scorpions,2024
The Lockdown,2024
A Lion's Game,2024
The Polar Story,2023
Phalana Abbayi Phalana Ammayi,2023
The Line,2023
All Fun and Games,2023
This is Brighton,2023
The Windigo,2024
The Undertaker's Wife,2024
I Believe,2023
Jesus Revolution,2023
Journey of a Whale Shark,2024
Disconnected,2023
Lavinya,2024
Incognito,2023
Daughter of Mine,2023
Record Without Words,2023
Tommy Machismo,2023
Perspectiva,2024
Megalopolis,2024
Loud Love,2024
Pelikan Blue,2023
Der Spiegel,2023
Obesity America's Other Enemy,2024
Mindgame,2023
Ojai,2024
Pet Farm,2024
23 Short Films About the End of the World,2023
"Meeting You, Meeting Me",2024
Shazam! Fury of the Gods,2023
Paint It Gold,2023
Weirdo: The Story of Five Eight,2024
Seneca,2023
The Nun II,2023
Young Lion of the West,2024
Goodrich,2024
"Red, White & Royal Blue",2023
Fluorescent Beast,2023
Once Upon a Time in Hollyweird,2024
Rapture Camp,2023
The Lady from the Sea,2023
Being Robin,2024
I'm Not Alone,2023
Por Eso Vengo al Río,2023
Suicide by Cop,2024
1999,2023
Notes on Displacement,2023
"Il bambino, i due furfanti e la strega",2024
Alien Wars: Judgement Day,2024
Bureau 749,2024
Sleeping Beauties,2023
Velocity Girl,2023
Still Stares,2024
Teatro del Desencuentro,2024
The Tenth Lodge,2023
Swimming Home,2024
Multiverso,2024
Minnesota Mean,2023
The Mick and the Trick,2024
Tales from Las Cruces,2023
Doi Boy,2023
The Girl with the Needle,2024
The Refugee,2024
Shook,2024
Joy,2024
Salem's Lot,2024
Office Madness,2024
Viswadarshanam,2023
Anu,2023
Love & Vodka,2024
Five Nights at Freddy's: Demons of the Past,2023
Spellbound,2023
Riviera,2024
To Catch a Killer,2023
Love Again,2023
Concerto for Abigail,2024
The Black Demon,2023
The Red Prince,2023
The Fix,2024
Wildfire: The Legend of the Cherokee Ghost Horse,2023
No Perfect Love,2024
Agni Siragugal,2023
Jimmy Traynor's Alien Parasite,2023
Unidad 23: Recargada,2024
Nobody Leaves 'til Jesus Comes,2024
Creepers 'R Us,2023
Alone in the Night,2024
Sweet Sorrow,2023
INactive,2024
Fighting Olympus,2023
Lumière! L'aventure continue,2024
Evil Lurks,2023
The Wonders of Wayward,2023
Falling Into Place,2023
Future Soldier,2023
"Love, Danielle",2024
Christmas Time,2023
The Thing Behind the Door,2023
For Prophet,2024
Lluvia,2023
Barroz,2024
16 Bits,2023
Rings of the Unpromised,2023
Tacoma,2024
Bad Boy,2023
The Absence of Eden,2023
Hidden Within,2023
Aayiram Porkasugal,2023
"Miraculous: Ladybug & Cat Noir, the Movie",2023
Caleta Palace,2023
Infinity Pool,2023
John Wick: Chapter 4,2023
Shakespeare's Mummy,2024
The Settlers,2023
All Illusions Must Be Broken,2024
Who Is Gatsby Randolph,2023
60 Minutes to Kill,2024
Uncharitable,2023
Monarch City,2024
Brave the Dark,2023
Bob Mackie: Naked Illusion,2024
Children of the Cloth,2023
Durazno Sangrando,2024
Ocean Rescue,2023
Centurion: The Dancing Stallion,2023
Run It Up,2023
Sataracha Salman,2023
The Burden,2023
Casablanca,2023
Inside the Yellow Cocoon Shell,2023
The Practice,2023
After Work,2023
Silent Notes,2024
We Kill for Love,2023
Lies We Tell,2023
Pizzodyssey,2024
Impulse,2023
Baraat Bandi,2024
Toll House Horrors,2024
American Cherry,2023
Raavana Kottam,2023
Animal Security,2023
The Place in Between,2024
Enough,2023
Thelma the Unicorn,2024
Youn'G,2024
Naked Ambition,2023
Dan Hawk Psychic Detective,2024
The Works,2024
Get Away,2024
Courting Anathi,2023
Mafia Wars,2024
Dick Dynamite 1944,2023
Heartbreak and Lullabies,2024
Finding Tess,2023
The Most Precious of Cargoes,2024
Summer Within,2023
Dante's Divine Comedy,2024
Safehouse,2023
X Trillion,2024
Who Is James Payton?,2024
Scavenger,2024
Commitment to Life,2023
The Clearing,2024
Rabia and Olivia,2023
I'm 'George Lucas': A Connor Ratliff Story,2024
A Song from the Dark,2024
The Headmistress,2023
Ammonium Nitrate,2023
Another Day to Live Through,2023
Women in Black,2023
Basenji,2023
Blasé L.A.,2024
Zozobra,2024
Helen,2024
The Laundress,2024
Royal Runaways,2024
Wallie's Gals,2023
Even the Score,2024
A Game of Two Halves,2024
On Sacred Ground,2023
Third Love,2023
Jinn,2023
The Headliner,2024
Aliya Basu Gayab Hai,2024
The Hunger Games: The Ballad of Songbirds & Snakes,2023
Raw Power,2023
El año decisivo,2023
Lifelines,2023
The Legend Hunters,2024
Under the Boardwalk,2023
Supercell,2023
Magpie Funeral,2023
Mom's Coming,2024
Trinity's Triumph,2023
O Anel de Eva,2024
The Ballad of Davy Crockett,2024
Skin of Glass,2023
Love Song and Power,2024
Parallax,2023
Something Is About to Happen,2023
Loli Tormenta,2023
Humanity Stoked,2023
Tipppsy,2024
Space Baby,2023
Outlaw Posse,2024
Realm of Shadows,2024
The Dreams in Gary's Basement,2023
Roll with It,2023
Checkout,2023
The Monkey House,2023
Si Juki the Movie: Harta Pulau Monyet,2024
Kiko in the Deep Sea,2023
The Peasants,2023
It Ends with Us,2024
Buya Hamka Vol. 1,2023
Vrutti,2023
Blood for Dust,2023
Infelices para Siempre,2023
Consuelo,2023
The Jazz Griots: Liberty in Cadence,2023
The Marvels,2023
Baldy for the Blind,2024
The Herricanes,2023
Jess Plus None,2023
Sunnyfield Kids,2024
Savages,2024
Killing Rainbow,2024
Sexagenarian,2024
Avantika,2023
On Our Doorstep,2023
The Reverend and Mrs Simpson,2023
Venus,2023
Against the Tide,2023
Arthur the King,2024
The Other Side of Infinity,2024
All That We Love,2024
"Te dua, I Swear",2023
Screens,2023
Operation Chicago,2023
Match Me If You Can,2023
An American King,2023
Rob Peace,2024
Expiration Date,2023
Persona,2024
What We Forgot,2024
All of It Happened on a Thursday,2023
Timir,2023
AzTechSat-1,2023
An Unlikely Fandom: The Impact of Thomas the Tank Engine,2023
Return to Kellogg,2023
Nubes grises soplan sobre el campo verde,2023
Next Goal Wins,2023
Golden Threads: The Tailor-made Revolution,2023
Tales from the Great War,2023
Microwave,2023
Vindication Swim,2024
The Eye,2023
Pepe,2024
Sam Bahadur,2023
Generation Debt: A Documentary About Student Loans,2024
The Tony Millionaire Show,2024
Clancy Sigal: Hollywood Blacklist to 'A' List,2023
The Mermaid,2024
Tiger Stripes,2023
Interstate,2024
Vertical,2024
Al Reves,2023
Lohardaga,2023
Dusk for a Hitman,2023
La Ultima Obra,2023
Chasing Chasing Amy,2023
Mistral Spatial,2023
Levels,2024
A Strippers Prayer,2024
Casanova B - All you need i$ Lov(e)a,2024
Undefiled,2024
Guththila,2023
Izolacija,2024
In the Ditch,2024
Luther: Never Too Much,2024
Missing,2023
Deadly Draw,2023
Maidaan,2024
Before Dawn,2024
Secular Soulmates,2023
Natural Road,2023
Unpaved,2023
Mugabe,2023
Raspberry1508,2023
All Clowns Are Bastards,2023
Punched After the Fact,2023
Sisarukset,2023
The Pocket Film of Superstitions,2023
7Liars,2023
The Ferryman,2023
Last Resort,2023
Regardless,2023
Survival,2023
So Shoot Me: The Life and Art of Michael Kanarek,2024
The Finale,2023
Dwarfhammer,2024
Audrey,2024
FP 4EVZ,2023
Country of Blind,2023
Rumble Through the Dark,2023
Além de Nós,2023
Girl in the Palms,2023
Teller's Camp,2023
West L.A. Fadeaway,2023
Katakiuchi,2023
Malos Padres,2023
Formerly Youth Square,2023
Ant-Man and the Wasp: Quantumania,2023
Dog Man,2024
Marine Drive,2024
The Great Divide,2023
The Match-Stick Flame 2: Lunada Bay,2023
Mujeres Silenciosas,2023
Time Rewind,2023
Ravens,2024
El Jardin aka: Narco Killer,2024
Virgo and the Sparklings,2023
Shootout at Byculla,2024
Devil's Peak,2023
Complete Portrait Wanted of Markéta Ledererová,2023
45 Seconds,2023
Yesterday Is Gone,2023
Untitled Euro Horror,2023
How Deep Is the Ocean,2023
Silent Life: The Story of the Lady in Black,2023
Boneyard,2024
The Proud Princess,2024
The End of the World,2024
A Samurai in Sao Paulo,2023
Dust to Dust,2023
Rust,2024
Punk Kids,2023
Once Upon a Family,2024
Aloha Malandro,2024
Mama,2023
Disorder,2023
A Ilha dos Ilús,2023
All You Hear Is Noise,2023
Beneath Us All,2023
Final Fight,2024
Billion Dollar Heist,2023
Embryo Larva Butterfly,2023
And the Alley She Whitewashed in Light Blue,2023
Damayana,2023
The Machine,2023
The Statement,2024
And They Will Talk About Us,2024
Karsmênia,2023
Quicksand,2023
A Creature Was Stirring,2023
Madame Web,2024
Time for Sunset,2024
Barah by Barah,2024
White Bird,2023
Shrapnel,2023
Two Words as the Key,2023
Subspecies V: Bloodrise,2023
M,2023
Slasher House 3,2024
Thankam,2023
Power of Love,2023
He's Dead & So Am I,2023
Sucha Soorma,2024
The Snow Sister,2024
Vampire Zombies... From Space!,2024
Devoured,2024
Spaceman,2024
Journey to Cure,2023
Mongrel,2024
Too Much Movie,2023
Agra,2023
Daria,2024
Durgo Rahasya,2023
Kut Al Amara: From Tale to Truth,2024
Hail Mary,2023
"The Great 14th: Tenzin Gyatso, the 14th Dalai Lama in His Own Words",2023
Yaque,2023
Unsanctioned Bounty,2023
Some Nudity Required,2023
Mod Kids 2,2024
See You in Hell,2023
Half Sisters,2023
The Woods,2023
Rajamartanda,2023
"De Repente, Miss!",2024
Amadeo,2023
Creed III,2023
India Fashion Factory,2023
IF,2024
Kings of L.A.,2023
Grafted,2024
Reception,2023
Angrej 2,2023
The Man with the Cardboard Box,2023
I Want to Thank the Academy,2024
Hunter Brothers,2024
Christmas Slasher,2024
Dark Room,2023
Ai Lun,2023
Machchhu,2023
The List,2023
Game On,2024
Clemente,2024
Gold Raiders,2024
The Man with the Pink Bicycle,2023
Ahilya: Zunj Ekaki,2023
Asterix & Obelix: The Middle Kingdom,2023
Black Ice-The Rhythm,2024
Dandelion,2024
Il cacio con le pere,2023
Joshua: Imai Pol Kaka,2024
Divine Flames,2023
The Killer,2024
Queens,2024
Martinez,2023
Divine Flames,2023
Ranchi,2023
Beneath the Green,2023
Hero Heroine,2023
Run!,2024
Whelp,2024
The Furry Fortune,2023
The Exorcism,2024
Dream City Mumbai,2023
Do You Want to Die in Indio?,2024
De Vuelta Al Mundo,2023
They Shot the Piano Player,2023
"I, the Song",2024
Letters from the Blue,2023
Cottontail,2023
Home Free,2023
Schirkoa: In Lies We Trust,2024
Tartarus,2023
Aka Deadlee,2023
Vincent,2023
Live Ashes,2024
Rust 3,2024
El canto de las moscas,2023
Unlucky to Love You,2023
Fuzzy Head,2023
The Out-Laws,2023
Qalb,2024
Intoxicated by Love,2024
Secrets of Love,2023
Best Thing,2023
The Housekeeper,2023
Butchers Bluff,2023
The Farm,2023
A Southern Haunting,2023
Rebel Ridge,2024
Untitled 20th Century,2023
Wish,2023
My Redneck Neighbor: Chapter 1 - The Rednecks Are Coming,2024
Team of Two,2024
Don't Suck,2023
Naa Naa,2023
The Day Is Long and Dark,2024
Continente,2024
The Intrusion,2023
Ranganayaka,2024
Black Nightmares,2023
Water Horse,2024
Some Nights I Feel Like Walking,2024
Testing Positive for the Funk - Teena Marie NYE 1999-2000 Plus some (P),2024
Joker: Folie à Deux,2024
Chronicles of a Wandering Saint,2023
Deadland,2023
Rock Bottom,2024
Echo 8,2024
Snajka: Diary of Expectations,2023
About the Beginning,2023
The Throwback,2024
The Window,2024
"Great Photo, Lovely Life",2023
The Night of the Harvest,2024
Push It to the Limit,2023
Parlour,2024
Mudbrick,2023
Servidão,2024
A Wolfpack Called Ernesto,2023
The Session Man,2023
Lion of Judah Legacy,2024
Jete Nahi Dibo,2023
Christmas Cheer,2023
Renfield,2023
Soul Land Movie: The Battle of Two Gods,2023
Lasviyas,2024
Kabzaa,2023
The Killer,2023
For the Living,2024
Clank and the Golden Scar,2024
Pesugihan: Bersekutu dengan Iblis,2023
Yuna,2023
Cannibal Comedian,2023
Problematic Intentions,2024
Jodi,2023
1915: Legend of the Gurkhas,2023
We Will Not Fade Away,2023
Dalton's Dream,2023
Kingdom of the Planet of the Apes,2024
An Empire in Peril,2023
I Got a Monster,2023
The Trial,2023
Viduthalai: Part 1,2023
The Weavers' Songs,2024
Daemon Mind,2024
My One and Only,2023
Pumpkin Film,2023
A Place in the Dark,2023
The Legend of the Vagabond Queen of Lagos,2024
Visangamanaya,2023
Falimy,2023
Yugathra,2023
Midunu Vishwaya,2023
These Days,2023
Dolwa,2023
The Heist Before Christmas,2023
Totally Killer,2023
Coffee Wars,2023
Bloodthirst,2023
Joke Man,2023
Aankh Micholi,2023
Winner,2024
What Doesn't Float,2023
Rule of Thirds,2024
Terrifying,2024
Under the Light,2023
Mercy Land,2023
John Early: Now More Than Ever,2023
Patria,2023
Crossed,2024
The Little Things,2024
Filthy Animals,2024
Appetite for Sin,2024
Hanere Panne - The Dark Chapter,2023
Sea Full of Tears,2023
Damaged Disciples,2024
The 3rd Guest,2023
Carnal Sins,2023
La Mujer de Vidrio,2023
God Be with Us,2024
Tauba Tera Jalwa,2024
Lunacy,2024
Realno nerealnaya istoriya,2023
Nou Pat Nan Dieu,2024
Old Ladies Find Money,2024
Bommai,2023
A.R.M,2024
Thamilarasan,2023
All Dirt Roads Taste of Salt,2023
Relay,2024
Breathe,2024
Time Traveler's,2024
Convivencia,2023
Ingress,2023
Poundcake and Pals,2023
A Complete Unknown,2024
The Gentleman,2024
The Y,2023
Three Old Boys,2024
Snow Falls,2023
Ratricha Paus,2023
Gemeinsam nüchtern,2023
Breathe,2024
Crush Actually,2023
Yaadhum Oore Yaavarum Kelir,2023
Open Secret,2024
Captive,2023
The Ballad of a Hustler,2023
Institute of Pavtology,2024
The Winter Prophecy,2024
Veeram,2023
The Idiots,2023
Between Time and Space: E.S.T.,2024
Heir of the Witch,2023
Borderline: Mental Health in the Balance,2023
Unexpected,2023
Bottle Conditioned,2023
Fields of Gold,2023
Uthuru Sulanga,2023
Sirin,2023
Sica,2023
Sima's Song,2023
We Are All in This Together,2024
Umbrella Sky,2023
Touch the Water,2023
Women in the Front Seat,2023
The Sudbury Devil,2023
Higuita,2023
SOMM: Cup of Salvation,2023
Namak,2024
Jailer,2023
Los visitados,2024
Screwdriver,2023
Anaconda,2024
The Last Stop in Yuma County,2023
Working Class Goes to Hell,2023
Lazarus Path,2024
Victoria para el teatro puertorriqueño,2024
Love Me Dead,2024
Music School,2023
The Israelites,2024
Hijo de familia,2024
The Outrun,2024
The Passion According to G.H.,2023
Road to Boston,2023
Parallels,2023
Karga,2023
With or Without You,2024
L'enfant perdu,2024
Ukrainian Style Robbery,2023
Richelieu,2023
The Haunting of Hell Hole Mine,2023
Bradley Martyn: The Influencer,2023
The Covenant,2023
Carry on Jatta 3,2023
Look at Me,2024
Antappante Athbudha Pravarthikal (Miracles of Antappan),2024
Dead Sea,2024
Can't Let It Go,2024
Pathu Thala,2023
Studio One Forever,2023
Why Dinosaurs?,2024
Four Souls of Coyote,2023
Walkout,2024
Mosaic,2024
Le bonheur est pour demain,2023
Model House,2024
Last ExMas,2024
"Dear Kate,",2024
A Real Life Underdog Story,2023
The Drunk,2023
Mean Girls,2024
Green Blackberries,2023
Homestead,2023
Waarom Wettelen,2024
Skunk,2023
Mara Pappa Superhero,2024
Il mio posto è qui,2024
Vattara Vazhaku,2023
Sea Sparkle,2023
Ranga Maarthaanda,2023
Invitation to a Murder,2023
The Job of Songs,2023
Ladies Are Pimps Too,2023
The Big Payback,2023
Light,2024
Hauntology,2024
Memories of Love Returned,2024
Light Falls,2023
Welcome to the Test,2023
Exipsosi,2024
Memory (The Poetry of Disappearance),2023
Spending Some Time Together,2024
Bagheera,2023
The Muleteer,2024
Daughter of the Sun,2023
Alive,2023
Santastein,2023
Belonging,2023
Tape 52,2024
The Portable Door,2023
The Invisible Girl,2023
Devara Part 1,2024
Manje Bistre 3,2024
The Legendary Marion Williams,2023
The Best Friend,2024
Shape of Tulip,2023
Via Don Minzoni N.6,2024
You Were My First Boyfriend,2023
Heaven in the Sky,2023
"Ned, Tassot, Yossot",2023
Danse!,2023
Project Purple: Mission Sarcoidosis Awareness,2023
Big Smooth,2023
The Creator,2023
The Duchess of Criminality,2023
The Love Song of William H. Shaw,2023
The God Man,2023
Day 13,2023
Connie,2023
Meeting Ms. Leigh,2024
The Teacher Who Promised the Sea,2023
Boys Will Be...,2023
Hard Truths,2024
Lord of Misrule,2023
The Washer,2024
El Jefe De los Mares,2023
À la Recherche,2023
Killer House,2023
Gumraah,2023
Escape,2023
The Kill Room,2023
Black Dog,2023
Golgappe,2023
Pilecki's Report,2023
"America, We Salute the Military with Preview of Beauties",2023
De Nachtwaker,2024
Fresh,2024
Een echte van Megen,2024
Aghori,2023
In a Good Place Now: The Life & Music of Bobby Charles,2024
Lantai 4,2023
Tomorrow is a Long Time,2023
Lipstick on the Glass,2024
Southern Gospel,2023
It's Alright Now,2023
Neerphool,2023
Pennhurst,2023
The Blue Star,2023
How to Successfully Fail in Hollywood,2023
Love in Taipei,2023
Aurora,2024
Sophie's Rules,2023
Cellar Door,2024
The Other Zoey,2023
Hood Safari,2024
Who Are You People,2023
Tenement,2024
Soulmate,2023
The Star City Murders,2024
Baba Black Sheep,2023
Nidarr,2023
The Unbreakable Bunch,2023
Peter Case: A Million Miles Away,2023
Queen's King,2023
Somos Ecos,2023
The Best Day of Your Life,2024
Bugsy the Becoming,2023
Singham Again,2024
El Plan,2023
Jatti 15 Murrabean Wali,2024
Na Kolikke Ranga,2023
Saptha Sagaradaache Ello - Side A,2023
Axe2Grind,2024
Varisu,2023
The Color Purple,2023
Altered Reality,2024
Sirocco and the Kingdom of the Winds,2023
Piglady,2023
Rido perché ti amo,2023
How to Build a Truth Engine,2024
Creepypasta: Deathnet,2024
Body,2023
Dhoort,2023
Hemshej,2023
Furiosa: A Mad Max Saga,2024
Money Back Guarantee,2023
I'm Cris from Tierra Bomba,2023
DNW Crew 819-514,2023
Bad Faith,2023
Breaking Point,2023
Eternal Oath,2024
Malcriados,2023
Once Upon a Time in Karachi,2023
Secret Mailman Returns,2024
Burn My Money,2023
Spaghetti Junction,2023
Global Panic,2023
Aller/Retour,2023
Buddhivantha 2,2023
Mehabooba,2024
Minimally Invasive,2023
Main Mulayam Singh Yadav,2024
Karanliktaki Kadin,2024
Entertainment Tomorrow,2023
Romeo Is Dead,2023
Killstreak,2024
Horny,2024
Sculpting the Giant,2023
Grand Gesture,2024
Brain Hunter: New Breed,2023
Strangers in a Room,2023
Mourners,2023
Dystopia,2024
Something Good Coming,2023
Nana de crueldad y realidad,2023
Manmauji,2024
The Party,2023
Chandramukhi 2,2023
Störung,2023
Hell of the Screaming Undead,2023
The Re-Education of Molly Singer,2023
Across the Furious Sea,2023
Gone: The Lost Boys of Belfast,2023
Se upp för zombies!,2024
When the World Stopped,2023
Justine,2023
The Tenderness,2023
Attack of the Doc!,2023
Dead Community Guild,2024
The Stork,2024
The Bangkok Job,2023
Cascade,2023
Charmland,2024
Nowhere,2023
We Work for the Dead,2024
Mind Over Max,2023
Qajymuqan,2024
Greatest Days,2023
A Rare Grand Alignment,2023
Between the Rains,2023
Traffic Lane,2024
Anemos,2023
Slant Streets,2024
Earl Biss: The Spirit Who Walks Among His People,2023
Follia,2023
Volta,2023
The Immortal Wars: Dekay's Paradox,2024
Big George Foreman,2023
Nightmares Unleashed,2023
Life After the NeverEnding Story,2024
Lucky,2023
The Private Eye,2024
How to Make Her Leave,2024
After Quarentine,2023
Off Ramp,2023
They Turned Us Into Killers,2024
Death Tarot,2023
Allegedly - The Trial of Loski,2024
Gallery of God,2023
65,2023
Elephant Steps,2024
Extraction II,2023
Lost in Tomorrow,2023
Strangers and Neighbours,2023
Silent Murders,2023
Gli ultimi di noi,2024
Oculi - Det eneste vitnet,2024
Grandpa's Crazy?,2023
The Post,2023
Kiara,2023
Krazy House,2024
Mr. Dressup: The Magic of Make-Believe,2023
Carol Doda Topless at the Condor,2023
Trazos del Cielo,2024
Shame,2024
Charlotte,2024
The Womb,2024
Stolen Vacation,2023
Neon Bleed,2023
Animal/Humano,2023
Realm of Satan,2024
Dark Obsession,2023
Malicious,2023
Insular,2024
Bulletproof: A Lesbian's Guide to Surviving the Plot,2024
"Erros Meus, Má Fortuna, Amor Ardente",2023
Alone Together,2024
Ghosters Phantom Patrol,2023
Daughters,2024
The Death of Us,2023
R BnB,2023
Salmon 3D,2023
Summer with the Guys,2023
Geografia Afetiva,2024
Share?,2023
Cuckoo,2024
Sunflower,2023
Spider Webb Untangled,2023
Project Home,2023
Knockout Blonde: The Kellie Maloney Story,2024
REUS LA VUELTA AL BARRIO,2023
Floresta de Pedra,2024
As Órfãs da Rainha,2023
Belle,2023
Reset,2023
The Subtle Art of Not Giving a F*ck,2023
Untied,2024
Dark Paradise,2023
Mamacruz,2023
Debbie Does Demons,2023
Sock,2024
The Beast Beneath,2023
Walk,2023
The Last Rifleman,2023
Salvage Yard Shine Boys,2023
Teresa,2023
Freedom Hair,2024
Howlin' Refrain,2023
Getting to the Plug,2023
Iron Butterflies,2023
A Thousand and One,2023
Red Fever,2024
A Wall Away,2024
The Beast Comes at Midnight,2023
Der Soldat Monika,2024
Don't Tell Mom the Babysitter's Dead,2024
Game Over,2023
Hirten - Hüter der Erde,2023
Colorblind,2023
Serial Beauty,2024
Five Months to say Goodbye,2024
Before the World Set on Fire,2023
Brobixby,2024
The Victims,2024
MAMA!,2023
Overdose,2024
Stale Popcorn and Sticky Floors,2023
Dark Entities,2023
Suswagatam Khushamadeed,2024
The Kings of Salsa,2023
Dark Lullabies: An Anthology by Michael Coulombe,2023
The Wait,2023
Hovering Blade,2024
The Armenian Spread,2023
72,2023
Balestra,2024
Protege Moi,2023
Common People,2023
War of the Worlds: The Attack,2023
Hüddam 3: Lamia,2023
Reinventing Elvis: The '68 Comeback,2023
Speak Sunlight,2023
Defend Your Name,2023
Bhootpori,2024
Ardhangini,2023
Freydís and Gudrid,2024
Triangle Park,2023
The American,2023
Finding Enok,2023
Do Not Open,2024
Central Valley,2023
Corte,2023
Run Rabbit Run,2023
Caged,2024
Sragaal,2024
Scream Before You Die,2024
Hebzucht,2024
Coven of Dixon Cliff,2024
Sharper,2023
Hold Your Breath,2024
Aging Out,2024
Owl,2024
Match Struck,2023
Robots,2023
Tyler,2023
Showdown in Yesteryear,2023
Twisters,2024
I Wanna Be Famous,2024
Brutal Season,2023
Darker Than Night,2024
The Ghoul Haunting,2024
Gunner,2024
My Last Best Friend,2023
The Nothingness Club - Não Sou Nada,2023
Croma Kid,2023
Everybody's Watching,2024
Domitilla: The Sequel,2023
A Hero of Our Time,2023
The Union,2024
Los Sandy's,2024
Slingshot,2024
All the Places,2023
Cannes - A Film makers story,2023
Urbex,2024
Man and Witch: The Dance of a Thousand Steps,2024
Wicked,2024
Midas Man,2024
"Mary Tyler, Millennial",2023
Half Baked: Totally High,2024
In Bed with the Pedros,2023
Wrong Intention,2023
Return to Earth,2023
Oeste Outra Vez,2024
Doctor Jekyll,2023
Neo-Dome,2024
The Great Nick D,2024
Accused,2023
Hidden Exposure,2023
Rudy,2023
Water Parks on Fire,2023
Death on the Border,2023
Our Season,2023
Amo-te Imenso,2024
The Giacomettis,2023
Balas y Katanas,2023
The Three Musketeers - Part I: D'Artagnan,2023
The Three Musketeers - Part II: Milady,2023
Total Paranoia,2023
22: The Unforgotten Soldier,2023
Bora,2023
Revenge in the Mountains: The Murder of Chief Ambrose Metcalfe,2024
California Dreamin',2023
Lyd,2023
...and Juliet,2024
Never A Master Plan,2023
Undefeated,2024
Hocus Focus,2024
Alien Planet,2023
Final Summer,2023
Rita,2024
Krampus 5: The Snow Beast,2023
Article 21,2023
Audrey's Children,2024
La confianza de mi cabeza entre tus muslos,2023
Shell,2024
Altavoce,2023
My Redneck Neighbor: Chapter 2 - Let the Games Begin,2024
Brand Bollywood,2023
The Miracle Club,2023
Charon,2023
Just Caught a Body,2023
It's Only Life After All,2023
Kemba,2024
She Inherited Danger,2023
Black Bags,2023
Hidden,2023
My Father Muhammad Ali,2023
The Blood Brothers,2024
Want Love?...,2024
Kalki 2898 AD,2024
CTRL,2024
"Wherever You Are, There You Go",2023
Cupcake's,2024
A través de Tola,2023
Orange Park,2023
Wandering Leaves,2023
Thieves in the Night,2023
Os naufragados,2024
Publish or Perish,2023
City of Love,2023
Leave the World Behind,2023
The Cuckoo's Curse,2023
Alien Vampire Busters,2023
Saho,2023
Noël joyeux,2023
Tetris,2023
Silent Men,2024
Knights of Santiago,2023
Heroes of Halyard,2023
Bigfoot,2024
Don't Forget to Leave,2024
Maheshum Marutiyum,2023
Mass State Lottery,2024
Pichaikkaran 2,2023
Mustache,2023
Biscoito da Fortuna,2023
Wonder Family,2023
The Procurator,2023
Valatty,2023
Untouchable,2024
Muzem i s muzem,2023
Gabru Gang,2024
Very Frightening Tales,2023
Jeshua Oneal: This and That,2024
VampireS,2024
3Devi,2024
1521: The Quest for Love and Freedom,2023
Quarantine,2023
Skelly,2024
Under the Naked Sky,2023
Nightbitch,2024
Wolf Garden,2023
Anchorage,2023
Maayakumari,2023
Kadira Divyaraja,2023
The Internationalist,2024
Your Place or Mine,2023
10 Days in Watts,2023
As Certain as Death,2023
Fear,2023
Sight: Extended,2023
O Time do Povo,2024
Tração,2023
Pathaan,2023
Vision X,2023
Kulej. All That Glitters Isn't Gold,2024
All the love,2023
Walden [verb],2023
Halloween: Season of the Boogeyman,2024
BlackSkin,2023
The Haunting of the Lady-Jane,2023
Heaven and Hell,2024
House of Ra: The Legend of Reo,2023
Hija del Volcán,2024
Jogira Sara Ra Ra,2023
12 Hours to Destruction,2023
Ellaam Mela Irukuravan Paathuppan,2023
I Wanna be a Criminal,2023
Stop Playing with God,2023
Sight,2023
I Can't Breathe,2024
Corridor,2024
Meeting Juan Jones,2023
Chasing Sundance,2023
Hell Fighter,2024
Runway,2023
Chapel,2024
Pippa,2023
Singapur,2024
In the Blood,2023
They Whisper,2024
Ma famille chérie,2024
A Brother's Turmoil,2023
The Ezzera & Gore-Girl Horror Anthology,2023
Schindler Space Architect,2024
Beyond the Podium: Celebrating Canadian Women Champions,2023
Retrato Familiar,2023
"Shit: Three Women, One Dreadful Crime",2023
The Life of Chuck,2024
End of the Rope,2023
Norman's Rare Guitars Documentary,2023
Adipurush,2023
Banandansen,2023
The List,2023
Saturday Night Inside Out,2023
The Exorcist: Believer,2023
My Spy The Eternal City,2024
On the Line,2023
Haunting Trophies,2024
Lockdown inside me,2024
Rhythm in Blues,2023
Lucky Louie,2023
Exiled: The Chosen Ones,2024
O Secunda,2023
Il Santo Veleno,2023
Get the Girl,2023
Role Play,2024
Eureka,2023
Street Punx,2024
Perfect Addiction,2023
Skategoat,2024
Just My Luck,2023
JOHANNA,2024
Bad Influencer,2023
Creepypasta,2023
A New Life,2023
Hounds of War,2024
Staycation,2024
Shashank,2023
He's Watching You,2024
Ozi: Voice of the Forest,2023
Spooky Action,2023
Kaygisiz Bas,2023
Those Who Call,2023
Brouhaha XD Colon Genesis Complex,2023
Bezumnyy angel Pinokkio,2024
Half Lives,2024
Cine Invisible,2023
Grrr...,2024
A Ranjith Cinema,2023
Tequila Re-Pasado,2023
Bough Brothers,2023
Cholo Zombies,2024
The Nomad,2023
Gravediggers,2024
Influenza,2024
A Trip Elsewhere,2024
American Prom,2024
Kings of Mulberry Street: Let Love Reign,2023
A Bimbo Babe Lost in Dinosaur Zombie Hell,2023
Alien Country,2024
Voices in Deep,2023
De Caperucita a loba,2023
Four Letters of Love,2024
A Disturbance in the Force,2023
A Deadly Invitation,2023
Protect the House,2023
Broken Glass,2024
The House That Eats Flesh,2023
Kill Shot,2023
The Stalker: Part II,2023
Unmoored,2023
The Fright Before Christmas 2,2023
The Sisters Karras,2023
Vampire in Oakland,2023
Miracle: The Milagro in Tafticopa,2024
JK 1971,2023
Them Time,2024
Casting Kill,2023
Bye Bye Kitty,2024
Dark Haven,2023
Plocka tänder med trasiga fingrar,2024
What's My Name Again?,2023
DID I?,2023
Thanatomania,2023
When Autumn Comes,2024
Maura the Vampire Princess,2023
Apocalypse Love Story,2023
"Love, Sitara",2024
The Hijacking of Flight 375,2023
Balomania,2024
The Families Feud,2023
Here Comes the Sun,2023
On Air,2024
A Song for Juliette,2024
Blood Vendetta,2024
Tiffin Time,2023
Ibiza Blue,2023
Addy Daddy,2024
Vellaripattanam,2023
For Better or Worse,2023
Soulmate,2023
Concrete Utopia,2023
Happy Hacker's Day,2023
Call Me Kate,2023
Sharp Wounds,2023
One Life,2023
Sunita,2023
Creep Encounters,2024
Jattu Nikhattu,2023
Ghost Hunters,2024
Bad Risk,2023
Sentenced,2024
Matt and Mara,2024
Krispr,2023
The United States of Horror: Chapter 3,2023
Sweet Dreams,2023
Sheryl,2023
Macho Man 3,2024
Driftwood,2023
Shadows,2024
La Luz Que Proyecta La Luna,2023
Simulant,2023
Sue Inside,2023
Andhagan,2024
Khozyain,2023
Lore,2023
First Day Out,2023
Shehzada,2023
Mission Majnu,2023
Bholaa Shankar,2023
Eleanor,2023
Demir Kadin: Neslican,2023
The Ritual Killer,2023
Expedition Niger: Real Africa,2023
UNO,2024
The Devil in Mr. Ingram,2024
Little Town,2024
Tu Hovein Main Hovan,2023
The Power of Childhood,2023
Goodbye Stranger,2023
Feliz no cumpleaños,2023
The Book (El Libro),2024
78 dana,2024
Rosebud Lane,2023
X KNIGHT Escape from Warp Hell,2023
The True Story of Tamara de Lempicka & The Art of Survival,2024
Kill Her Goats,2023
Dominic Bane,2023
Dr. Bezbarua 2,2023
Hitpig,2024
Exceptional Beings,2023
Chains of Redemption,2023
American Comedy,2023
Mufasa: The Lion King,2024
Uglies,2024
Ground Zero,2023
Ringside,2023
Sathiya Sodhanai,2023
Polis Evo 3,2023
Antes que lleguen los zopilotes,2023
The Farm,2023
Nikola before Tesla,2023
Baik Punya Ah Long,2024
Shayda,2023
Hell's Half Acre,2023
Float,2023
Dos manos todas las voces,2023
Live Laugh Die,2023
Hombre Calzón,2023
Advent,2024
Werewolf Santa,2023
Murder Ballads: How to Make It in Rock 'n' Roll,2023
Kelly - Someone Else's Dream,2024
Dust,2023
Manku Bhai Foxy Rani,2023
TLC Forever,2023
Footprints on Water,2023
Love Without Walls,2023
Meeting Kate,2023
The Knock,2023
Next to You,2023
About Dry Grasses,2023
The Man in the White Van,2023
Death in Ojai,2024
Past Lives,2023
Nina,2024
In the Shadows,2023
Eidolon: Bayangan Dendam,2023
Egghead & Twinkie,2023
The Burnt Half,2023
Buggers,2024
Just Be Yourself,2023
Rooted,2024
Agreste,2023
The In-Law Gang!,2023
Brujería,2023
The Sound of Hope,2024
Edge of Insanity,2023
Love Virtually,2023
Fyre Rises,2024
Sun and Concrete,2023
Reptile,2023
The Crossroads,2024
Bound,2023
"AHRIMAN, PART 1: Death Before Dying",2023
Aphasia,2024
Apocalypse Love,2024
The Lipstick Boy,2024
Nobody Here,2023
So Long Marianne,2023
Napoleon,2023
Frieda's Case,2024
Los buenos modales,2023
Breaking Olympia: The Phil Heath Story,2024
Morgan's Mask,2023
Last Night on Earth,2024
Room 107,2023
Scars,2024
Horror-Scopes Volume One,2023
Monsters of California,2023
Pendulum,2023
China Mobile,2023
Broken Pearls,2023
The Unseen,2023
The Paper Wall,2023
Children of the Pines,2023
Bless Me Father,2023
Oneida Flats,2023
Gods of the Deep,2023
Ed and Rooster's Great Adventure,2024
Dark Windows,2023
Origin,2023
High Weirdness,2023
Eyvah Tatil,2023
Snot and Splash,2023
Light Light Light,2023
Remy & Arletta,2023
The Christ Child,2023
Ganapath,2023
Foresight,2023
Move When the Spirit Says Move: The Legacy of Dorothy Foreman Cotton,2023
Can't Get Rite,2023
Ghosted,2024
Evil Dead Rise,2023
Seeing Through the Darkness,2024
Three Birthdays,2023
Lyvia's House,2023
The Fist of the Condor,2023
The Reading,2023
Succubus,2024
Whisper of the Witch,2024
Oxygen Station,2023
Anna LOL,2024
Frybread Face and Me,2023
Placid Park,2024
Sherina's Adventure 2,2023
All Inclusive,2023
Consumed,2024
Unorthodox Education,2024
The Pope's Exorcist,2023
The Codfather,2024
Pop the Pickel,2024
Night Shift,2023
A Dream House,2023
Dead Wrong,2024
The Pandemic Dilemma,2024
This Never Happened,2024
Mothers' Instinct,2024
Captain Superb and the Angel of Destiny,2024
Motion Detected,2023
Linen,2023
The Best Man,2023
The Crow,2024
Insidious: The Red Door,2023
Quiz Lady,2023
The Secret Art of Human Flight,2023
Secret Shadow,2024
Ronald's Little Factory,2023
A Song for Imogene,2023
Vasantha Kokila,2023
Lost in the Shuffle,2024
Prem Anubandh,2023
Running Man: Revengers,2023
Robot Dreams,2023
My House,2023
A Quiet Place: Day One,2024
We Need Rent Money,2023
Spy Capital,2024
Higher Power,2023
Tout sur Margo,2024
River of Ghosts,2024
Permafrost,2024
Terridor,2023
Goldfish,2023
American Underdog,2024
Bishop's Cove,2023
Damsel,2024
The Krays: The Mafia Connection,2024
Anno 2020,2024
Serena Versus,2024
Adversary: Wanted Dead or Alive,2023
The Critic,2023
A Journey to Sundance,2023
5G: The Reckoning,2023
Clear Shadows,2023
Nourish,2023
Makeup,2023
Nina & Emma,2023
Lady Terror,2023
Dealova,2024
Bed of Nails,2024
Night for Day,2023
A Happy Day,2023
The Thot of Murder,2023
Yana,2023
Don't Sleep,2023
Party of Fools,2023
The Modelizer,2023
Phels High,2023
Square Root of Negative One,2023
Kingdom Reign,2024
Fait Accompli,2023
Sacramento,2024
Streets of Glória,2024
From Black,2023
From the Ashes,2024
"America, Invaded",2024
Chaperone,2024
Urban,2024
Stella: A Life,2023
Family Home,2023
Rock Hudson: All That Heaven Allowed,2023
Oracle,2023
Twenty-Nine,2024
Translations,2023
Beau Is Afraid,2023
The East Hollywood Project,2023
What Happened at 625 River Road?,2023
The Business of Pleasure,2023
"District Greenwood, the Amalgamated People",2023
Folie à Famille,2023
The Second Coming,2024
The 742,2023
La Palisiada,2023
The Wandering Earth II,2023
The Callback,2024
Cats of Malta,2023
Proof Sheet,2023
Evie,2023
Chatrapathi,2023
Obsessions,2023
A Cover-Up,2024
Love Is in Bel Air,2024
Lock & Load,2023
Muerto de Risa,2023
Zombeez,2023
Three Couples Freed,2024
The Girl in the Backseat,2023
Naam,2024
Khali Purse of Billionaires,2023
Girl Unknown,2023
Journal intime,2024
The Dive,2023
With Myself,2023
Between the Glass,2023
Inexistent,2023
Gazelle,2023
My Divorce Party,2024
Awakening Spring,2023
The Piper,2023
Simon,2023
Rocky Road to Berlin,2024
MobKing,2023
God 2.0,2023
Loop Track,2023
THE NEW NORMAL,2024
Passing Through,2023
Zero,2024
Trapped Inn,2024
Heart of Stone,2023
A Mistake,2024
Harvest,2024
The Mire,2023
Little Dixie,2023
Panda Bear in Africa,2024
The Drone That Saved Christmas,2023
Good Savage,2023
Moana 2,2024
Driven: The Tony Pearson Story,2023
Dangerous Rumors,2024
Inner Flame,2023
UnBroken,2023
Satisfied,2024
The Admirer,2023
Alpha/Beta,2023
What You Wish For,2023
Double Cross,2024
Choppa City Queens,2023
Karmaniacs,2024
Hostile Forces,2023
Day Labor,2024
Soulmate,2023
The Real George Michael: Portrait of an Artist,2023
Chang Can Dunk,2023
If You Were the Last,2023
Holiday Boyfriend,2023
Suncoast,2024
Fluxx,2024
May December,2023
Magazine Dreams,2023
Big Giant Wave,2023
Alay Mazhya Rashila,2023
Shrimati Umbrella,2024
Stay Apart Together,2023
I.S.S.,2023
Turno nocturno,2024
El Escuerzo,2023
Anna,2023
Happy Halloween,2024
Irish Catholic,2023
Adi,2023
Dil Dosti Duniyadari,2024
The City of Smoke,2024
IRaH,2024
Tad Caldwell & The Monster Kid,2023
61: Scorecard Killer,2023
Eyes of Dread,2023
Ambassador,2023
"What the Hell Happened to Blood, Sweat & Tears?",2023
Legend of Lizard Man,2023
Nerdy Prudes Must Die,2023
The Supremes at Earl's All-You-Can-Eat,2024
"The Real American, the Evan Thompson Story.",2024
Tuesday,2024
Vicemares,2023
My Dying Heart,2023
Rame uz rame,2023
Momo in Dubai,2023
